sample_id,comment_id,video_id,parent_id,text,pass_1_label,confidence_1,notes_1,pass_2_label,confidence_2,notes_2,target_boundary_category
CALIB_007,UgzH6m5XNBi22i7iRvB4AaABAg,QK01ROEqJ1A,,"Dulu... suka banget kalo ada yang bahas soal antariksa. Tapi setelah mengenal FE, cuma bisa bilang oh aja. Wallahualam.",Experience,Medium,Menceritakan perubahan pandangan masa lalu,Opinion,Medium,Pandangan subjektif soal antariksa,Praise_Plus_Correction
CALIB_012,UgwV_EA-RZYgfDA35ux4AaABAg,21seK8tKSYI,,Menit 1.10 suara vacumnya dark seer anjir wwkwwk . Anak dota pasti tau,Opinion,Medium,Pengamatan audio game menit 1:10,Correction,Low,Mengoreksi asal suara game,Correction_vs_Disagreement
CALIB_031,Ugi6t2Krl_qgCHgCoAEC,PEbhbW4rgy4,,"VIDEO nya bagus min , 😁😁 , kenapa nama channelnya ""ko bisa?"" kenapa gk ""ko gitu?"" 😴😴",Question,Medium,Praise + Question nama channel -> Question,Praise,Medium,Memuji video bagus,Praise_Plus_Question
CALIB_039,Ugg0ZdxodCKyiXgCoAEC,iq0yOkj3d28,,bang bumi itu kan bulut ... lalu mengapa kalau pesawat terbang lurus tetap memutari bumi ya .. kan dia tidak menyentuh tanah .. dan logisnya kalo dia lurus kan harusnya malah ke luar angkasa... explain dengan info grafis nya bang jadi video,Suggestion,Medium,Permintaan video penjelasan pesawat,Question,Medium,Bertanya alasan pesawat terbang lurus,Correction_vs_Disagreement
CALIB_056,UgwpFa3HVDt4IqAalW54AaABAg,FMNRItiR6ZA,,"Chanel yg kaya gini sungguh bermanfaat, tapi anehnya yang hoax lebih laku.",Praise,Medium,Apresiasi channel vs hoax,Opinion,Medium,Menilai tren video hoax,Hard_Disagreement_Skepticism
CALIB_080,UghnV-0TjB0T_ngCoAEC,uA3cMFjqfaM,,"min request dong, menurut mimin diluar bumi kita ini ada mahkluk lain (alien) gk yah? dan klo memang mimin percaya kalo ada mahkluk lain di luar sana apa alasannya?

#dapettugasipakayabeginiandisekolahane",Suggestion,Medium,Request topik alien,Question,Medium,Bertanya keberadaan alien,Implicit_Suggestion
CALIB_089,UgjnT3eP74r4a3gCoAEC.86ZQ9SxoNQw86_c18I6hl_,Tx87wEaDtxo,UgjnT3eP74r4a3gCoAEC,"pertanyaan yg bagus nak
jadi gini, pengertian kita terhadap gravitasi itu salah. yg bener adalah gaya gravitasi terjadi diantara benda yg punya momentum dan energi, bukan massa. karena cahaya punya momentum dan massa, makanya bisa ketarik gravitasinya lubang hitam itu",Correction,Medium,Ralat pengertian gravitasi,Opinion,Medium,Penjelasan momentum dan gravitasi,Praise_Plus_Correction
